"","interval","result"
"1","(0,10]",0.0536793893129771
"2","(10,20]",0.26957722007722
"3","(20,30]",1.10889752863171
"4","(30,40]",2.1443976023976
"5","(40,50]",6.10976017130621
"6","(50,60]",9.77864473684211
"7","(60,70]",NA
"8","(70,80]",0.19875
"9","(90,100]",0.188
